"Step","wc_bug5_seq_di64_t24_dm192_nh12_nl10_dr0.2_optMuon_eiZ_bs100_wd0.0_lr0.0015_lrm0.0015_r1 - eval/3_rms_electrode_acc","wc_bug5_seq_di64_t24_dm192_nh12_nl10_dr0.2_optMuon_eiZ_bs100_wd0.0_lr0.0015_lrm0.0015_r1 - eval/3_rms_electrode_acc__MIN","wc_bug5_seq_di64_t24_dm192_nh12_nl10_dr0.2_optMuon_eiZ_bs100_wd0.0_lr0.0015_lrm0.0015_r1 - eval/3_rms_electrode_acc__MAX"
"70","0.503921568627451","0.503921568627451","0.503921568627451"
"140","0.5137254901960784","0.5137254901960784","0.5137254901960784"
"210","0.5392156862745098","0.5392156862745098","0.5392156862745098"
"280","0.5509803921568628","0.5509803921568628","0.5509803921568628"
"350","0.5607843137254902","0.5607843137254902","0.5607843137254902"
"420","0.5529411764705883","0.5529411764705883","0.5529411764705883"
"490","0.5666666666666667","0.5666666666666667","0.5666666666666667"
"560","0.5862745098039216","0.5862745098039216","0.5862745098039216"
"630","0.5676470588235294","0.5676470588235294","0.5676470588235294"
"700","0.5598039215686275","0.5598039215686275","0.5598039215686275"
"770","0.5774509803921568","0.5774509803921568","0.5774509803921568"
"840","0.5862745098039216","0.5862745098039216","0.5862745098039216"
"910","0.6029411764705882","0.6029411764705882","0.6029411764705882"
"980","0.5990196078431372","0.5990196078431372","0.5990196078431372"
"1050","0.6039215686274509","0.6039215686274509","0.6039215686274509"
"1120","0.611764705882353","0.611764705882353","0.611764705882353"
"1190","0.6176470588235294","0.6176470588235294","0.6176470588235294"
"1260","0.6196078431372549","0.6196078431372549","0.6196078431372549"
"1330","0.611764705882353","0.611764705882353","0.611764705882353"
"1400","0.6313725490196078","0.6313725490196078","0.6313725490196078"
"1470","0.6235294117647059","0.6235294117647059","0.6235294117647059"
"1540","0.6401960784313725","0.6401960784313725","0.6401960784313725"
"1610","0.634313725490196","0.634313725490196","0.634313725490196"
"1680","0.6323529411764706","0.6323529411764706","0.6323529411764706"
"1750","0.6411764705882353","0.6411764705882353","0.6411764705882353"
"1820","0.6411764705882353","0.6411764705882353","0.6411764705882353"
"1890","0.6460784313725491","0.6460784313725491","0.6460784313725491"
"1960","0.6558823529411765","0.6558823529411765","0.6558823529411765"
"2030","0.6588235294117647","0.6588235294117647","0.6588235294117647"
"2100","0.6558823529411765","0.6558823529411765","0.6558823529411765"
"2170","0.6647058823529411","0.6647058823529411","0.6647058823529411"
"2240","0.6647058823529411","0.6647058823529411","0.6647058823529411"
"2310","0.6715686274509803","0.6715686274509803","0.6715686274509803"
"2380","0.6686274509803921","0.6686274509803921","0.6686274509803921"
"2450","0.6823529411764706","0.6823529411764706","0.6823529411764706"
"2520","0.6794117647058824","0.6794117647058824","0.6794117647058824"
"2590","0.6843137254901961","0.6843137254901961","0.6843137254901961"
"2660","0.6813725490196079","0.6813725490196079","0.6813725490196079"
"2730","0.6813725490196079","0.6813725490196079","0.6813725490196079"
"2800","0.6872549019607843","0.6872549019607843","0.6872549019607843"
"2870","0.6931372549019608","0.6931372549019608","0.6931372549019608"
"2940","0.6970588235294117","0.6970588235294117","0.6970588235294117"
"3010","0.6931372549019608","0.6931372549019608","0.6931372549019608"
"3080","0.6892156862745098","0.6892156862745098","0.6892156862745098"
"3150","0.6852941176470588","0.6852941176470588","0.6852941176470588"
"3220","0.6941176470588235","0.6941176470588235","0.6941176470588235"
"3290","0.696078431372549","0.696078431372549","0.696078431372549"
"3360","0.7009803921568627","0.7009803921568627","0.7009803921568627"
"3430","0.692156862745098","0.692156862745098","0.692156862745098"
"3500","0.6931372549019608","0.6931372549019608","0.6931372549019608"
"3570","0.6911764705882353","0.6911764705882353","0.6911764705882353"
"3640","0.7009803921568627","0.7009803921568627","0.7009803921568627"
"3710","0.7058823529411765","0.7058823529411765","0.7058823529411765"
"3780","0.6980392156862745","0.6980392156862745","0.6980392156862745"
"3850","0.6970588235294117","0.6970588235294117","0.6970588235294117"
"3920","0.6950980392156862","0.6950980392156862","0.6950980392156862"
"3990","0.6970588235294117","0.6970588235294117","0.6970588235294117"
"4060","0.711764705882353","0.711764705882353","0.711764705882353"
"4130","0.7156862745098039","0.7156862745098039","0.7156862745098039"
"4200","0.7176470588235294","0.7176470588235294","0.7176470588235294"
"4270","0.7186274509803922","0.7186274509803922","0.7186274509803922"
"4340","0.7176470588235294","0.7176470588235294","0.7176470588235294"
"4410","0.7225490196078431","0.7225490196078431","0.7225490196078431"
"4480","0.7235294117647059","0.7235294117647059","0.7235294117647059"
"4550","0.7245098039215686","0.7245098039215686","0.7245098039215686"
"4620","0.7245098039215686","0.7245098039215686","0.7245098039215686"
"4690","0.7245098039215686","0.7245098039215686","0.7245098039215686"
"4760","0.7313725490196078","0.7313725490196078","0.7313725490196078"
"4830","0.7352941176470589","0.7352941176470589","0.7352941176470589"
"4900","0.7323529411764705","0.7323529411764705","0.7323529411764705"
"4970","0.7294117647058823","0.7294117647058823","0.7294117647058823"
"5040","0.734313725490196","0.734313725490196","0.734313725490196"
"5110","0.7352941176470589","0.7352941176470589","0.7352941176470589"
"5180","0.734313725490196","0.734313725490196","0.734313725490196"
"5250","0.7392156862745098","0.7392156862745098","0.7392156862745098"
"5320","0.7313725490196078","0.7313725490196078","0.7313725490196078"
"5390","0.7382352941176471","0.7382352941176471","0.7382352941176471"
"5460","0.7333333333333333","0.7333333333333333","0.7333333333333333"
"5530","0.7392156862745098","0.7392156862745098","0.7392156862745098"
"5600","0.7362745098039216","0.7362745098039216","0.7362745098039216"
"5670","0.7431372549019608","0.7431372549019608","0.7431372549019608"
"5740","0.7421568627450981","0.7421568627450981","0.7421568627450981"
"5810","0.7421568627450981","0.7421568627450981","0.7421568627450981"
"5880","0.7372549019607844","0.7372549019607844","0.7372549019607844"
"5950","0.7372549019607844","0.7372549019607844","0.7372549019607844"
"6020","0.734313725490196","0.734313725490196","0.734313725490196"
"6090","0.734313725490196","0.734313725490196","0.734313725490196"
"6160","0.7352941176470589","0.7352941176470589","0.7352941176470589"
"6230","0.734313725490196","0.734313725490196","0.734313725490196"
"6300","0.7401960784313726","0.7401960784313726","0.7401960784313726"
"6370","0.7441176470588236","0.7441176470588236","0.7441176470588236"
"6440","0.7352941176470589","0.7352941176470589","0.7352941176470589"
"6510","0.7421568627450981","0.7421568627450981","0.7421568627450981"
"6580","0.7411764705882353","0.7411764705882353","0.7411764705882353"
"6650","0.746078431372549","0.746078431372549","0.746078431372549"
"6720","0.7372549019607844","0.7372549019607844","0.7372549019607844"
"6790","0.7431372549019608","0.7431372549019608","0.7431372549019608"
"6860","0.7431372549019608","0.7431372549019608","0.7431372549019608"
"6930","0.7382352941176471","0.7382352941176471","0.7382352941176471"
"7000","0.7313725490196078","0.7313725490196078","0.7313725490196078"
"7070","0.7303921568627451","0.7303921568627451","0.7303921568627451"
"7140","0.734313725490196","0.734313725490196","0.734313725490196"
"7210","0.7333333333333333","0.7333333333333333","0.7333333333333333"
"7280","0.7303921568627451","0.7303921568627451","0.7303921568627451"
"7350","0.7294117647058823","0.7294117647058823","0.7294117647058823"
"7420","0.7294117647058823","0.7294117647058823","0.7294117647058823"
"7490","0.7362745098039216","0.7362745098039216","0.7362745098039216"
"7560","0.7352941176470589","0.7352941176470589","0.7352941176470589"
"7630","0.7284313725490196","0.7284313725490196","0.7284313725490196"
"7700","0.7401960784313726","0.7401960784313726","0.7401960784313726"
"7770","0.7392156862745098","0.7392156862745098","0.7392156862745098"
"7840","0.7411764705882353","0.7411764705882353","0.7411764705882353"
"7910","0.7401960784313726","0.7401960784313726","0.7401960784313726"
"7980","0.7450980392156863","0.7450980392156863","0.7450980392156863"
"8050","0.7401960784313726","0.7401960784313726","0.7401960784313726"
"8120","0.7421568627450981","0.7421568627450981","0.7421568627450981"
"8190","0.7401960784313726","0.7401960784313726","0.7401960784313726"
"8260","0.7333333333333333","0.7333333333333333","0.7333333333333333"
"8330","0.7352941176470589","0.7352941176470589","0.7352941176470589"
"8400","0.7411764705882353","0.7411764705882353","0.7411764705882353"
"8470","0.7392156862745098","0.7392156862745098","0.7392156862745098"
"8540","0.7431372549019608","0.7431372549019608","0.7431372549019608"
"8610","0.7401960784313726","0.7401960784313726","0.7401960784313726"
"8680","0.7362745098039216","0.7362745098039216","0.7362745098039216"
"8750","0.7392156862745098","0.7392156862745098","0.7392156862745098"
"8820","0.7411764705882353","0.7411764705882353","0.7411764705882353"
"8890","0.7411764705882353","0.7411764705882353","0.7411764705882353"
"8960","0.75","0.75","0.75"
"9030","0.75","0.75","0.75"
"9100","0.7431372549019608","0.7431372549019608","0.7431372549019608"
"9170","0.7490196078431373","0.7490196078431373","0.7490196078431373"
"9240","0.7568627450980392","0.7568627450980392","0.7568627450980392"
"9310","0.746078431372549","0.746078431372549","0.746078431372549"
"9380","0.7421568627450981","0.7421568627450981","0.7421568627450981"
"9450","0.7450980392156863","0.7450980392156863","0.7450980392156863"
"9520","0.75","0.75","0.75"
"9590","0.7480392156862745","0.7480392156862745","0.7480392156862745"
"9660","0.7431372549019608","0.7431372549019608","0.7431372549019608"
"9730","0.7294117647058823","0.7294117647058823","0.7294117647058823"
"9800","0.7392156862745098","0.7392156862745098","0.7392156862745098"
"9870","0.7313725490196078","0.7313725490196078","0.7313725490196078"
"9940","0.734313725490196","0.734313725490196","0.734313725490196"
"10010","0.7333333333333333","0.7333333333333333","0.7333333333333333"
"10080","0.7372549019607844","0.7372549019607844","0.7372549019607844"
"10150","0.7392156862745098","0.7392156862745098","0.7392156862745098"
"10220","0.7333333333333333","0.7333333333333333","0.7333333333333333"
"10290","0.7313725490196078","0.7313725490196078","0.7313725490196078"
"10360","0.7274509803921568","0.7274509803921568","0.7274509803921568"
"10430","0.7382352941176471","0.7382352941176471","0.7382352941176471"
"10500","0.7294117647058823","0.7294117647058823","0.7294117647058823"
"10570","0.7303921568627451","0.7303921568627451","0.7303921568627451"
"10640","0.7323529411764705","0.7323529411764705","0.7323529411764705"
"10710","0.7264705882352941","0.7264705882352941","0.7264705882352941"
"10780","0.7303921568627451","0.7303921568627451","0.7303921568627451"
"10850","0.7382352941176471","0.7382352941176471","0.7382352941176471"
"10920","0.7382352941176471","0.7382352941176471","0.7382352941176471"
"10990","0.7450980392156863","0.7450980392156863","0.7450980392156863"
"11060","0.7401960784313726","0.7401960784313726","0.7401960784313726"
"11130","0.7490196078431373","0.7490196078431373","0.7490196078431373"
"11200","0.7382352941176471","0.7382352941176471","0.7382352941176471"
"11270","0.7519607843137255","0.7519607843137255","0.7519607843137255"
"11340","0.7431372549019608","0.7431372549019608","0.7431372549019608"
"11410","0.7431372549019608","0.7431372549019608","0.7431372549019608"
"11480","0.7441176470588236","0.7441176470588236","0.7441176470588236"
"11550","0.7450980392156863","0.7450980392156863","0.7450980392156863"
"11620","0.7401960784313726","0.7401960784313726","0.7401960784313726"
"11690","0.7421568627450981","0.7421568627450981","0.7421568627450981"
"11760","0.75","0.75","0.75"
"11830","0.7411764705882353","0.7411764705882353","0.7411764705882353"
"11900","0.7529411764705882","0.7529411764705882","0.7529411764705882"
"11970","0.7509803921568627","0.7509803921568627","0.7509803921568627"
"12040","0.7470588235294118","0.7470588235294118","0.7470588235294118"
"12110","0.7490196078431373","0.7490196078431373","0.7490196078431373"
"12180","0.7480392156862745","0.7480392156862745","0.7480392156862745"
"12250","0.7519607843137255","0.7519607843137255","0.7519607843137255"
"12320","0.7519607843137255","0.7519607843137255","0.7519607843137255"
"12390","0.746078431372549","0.746078431372549","0.746078431372549"
"12460","0.7470588235294118","0.7470588235294118","0.7470588235294118"
"12530","0.75","0.75","0.75"
"12600","0.7519607843137255","0.7519607843137255","0.7519607843137255"
"12670","0.7490196078431373","0.7490196078431373","0.7490196078431373"
"12740","0.75","0.75","0.75"
"12810","0.7519607843137255","0.7519607843137255","0.7519607843137255"
"12880","0.753921568627451","0.753921568627451","0.753921568627451"
"12950","0.746078431372549","0.746078431372549","0.746078431372549"
"13020","0.75","0.75","0.75"
"13090","0.7480392156862745","0.7480392156862745","0.7480392156862745"
"13160","0.7607843137254902","0.7607843137254902","0.7607843137254902"
"13230","0.765686274509804","0.765686274509804","0.765686274509804"
"13300","0.7519607843137255","0.7519607843137255","0.7519607843137255"
"13370","0.7647058823529411","0.7647058823529411","0.7647058823529411"
"13440","0.7588235294117647","0.7588235294117647","0.7588235294117647"
"13510","0.7578431372549019","0.7578431372549019","0.7578431372549019"
"13580","0.7549019607843137","0.7549019607843137","0.7549019607843137"
"13650","0.7558823529411764","0.7558823529411764","0.7558823529411764"
"13720","0.7578431372549019","0.7578431372549019","0.7578431372549019"
"13790","0.7490196078431373","0.7490196078431373","0.7490196078431373"
"13860","0.7480392156862745","0.7480392156862745","0.7480392156862745"
"13930","0.75","0.75","0.75"
"14000","0.7470588235294118","0.7470588235294118","0.7470588235294118"
"14070","0.7568627450980392","0.7568627450980392","0.7568627450980392"
"14140","0.7588235294117647","0.7588235294117647","0.7588235294117647"
"14210","0.7382352941176471","0.7382352941176471","0.7382352941176471"
"14280","0.7529411764705882","0.7529411764705882","0.7529411764705882"
"14350","0.7558823529411764","0.7558823529411764","0.7558823529411764"
"14420","0.75","0.75","0.75"
"14490","0.7558823529411764","0.7558823529411764","0.7558823529411764"
"14560","0.7568627450980392","0.7568627450980392","0.7568627450980392"
"14630","0.7578431372549019","0.7578431372549019","0.7578431372549019"
"14700","0.7598039215686274","0.7598039215686274","0.7598039215686274"
"14770","0.7549019607843137","0.7549019607843137","0.7549019607843137"
"14840","0.7519607843137255","0.7519607843137255","0.7519607843137255"
"14910","0.7470588235294118","0.7470588235294118","0.7470588235294118"
"14980","0.7529411764705882","0.7529411764705882","0.7529411764705882"
"15050","0.7450980392156863","0.7450980392156863","0.7450980392156863"
"15120","0.7392156862745098","0.7392156862745098","0.7392156862745098"
"15190","0.7411764705882353","0.7411764705882353","0.7411764705882353"
"15260","0.7421568627450981","0.7421568627450981","0.7421568627450981"
"15330","0.7352941176470589","0.7352941176470589","0.7352941176470589"
"15400","0.7490196078431373","0.7490196078431373","0.7490196078431373"
"15470","0.7372549019607844","0.7372549019607844","0.7372549019607844"
"15540","0.7313725490196078","0.7313725490196078","0.7313725490196078"
"15610","0.7284313725490196","0.7284313725490196","0.7284313725490196"
"15680","0.7382352941176471","0.7382352941176471","0.7382352941176471"
"15750","0.7313725490196078","0.7313725490196078","0.7313725490196078"
"15820","0.7323529411764705","0.7323529411764705","0.7323529411764705"
"15890","0.7323529411764705","0.7323529411764705","0.7323529411764705"
"15960","0.7313725490196078","0.7313725490196078","0.7313725490196078"
"16030","0.7333333333333333","0.7333333333333333","0.7333333333333333"
"16100","0.7421568627450981","0.7421568627450981","0.7421568627450981"
"16170","0.7392156862745098","0.7392156862745098","0.7392156862745098"
"16240","0.7401960784313726","0.7401960784313726","0.7401960784313726"
"16310","0.7431372549019608","0.7431372549019608","0.7431372549019608"
"16380","0.7431372549019608","0.7431372549019608","0.7431372549019608"
"16450","0.7382352941176471","0.7382352941176471","0.7382352941176471"
"16520","0.7284313725490196","0.7284313725490196","0.7284313725490196"
"16590","0.7392156862745098","0.7392156862745098","0.7392156862745098"
"16660","0.734313725490196","0.734313725490196","0.734313725490196"
"16730","0.734313725490196","0.734313725490196","0.734313725490196"
"16800","0.7294117647058823","0.7294117647058823","0.7294117647058823"
"16870","0.7362745098039216","0.7362745098039216","0.7362745098039216"
"16940","0.7392156862745098","0.7392156862745098","0.7392156862745098"
"17010","0.7323529411764705","0.7323529411764705","0.7323529411764705"
"17080","0.7382352941176471","0.7382352941176471","0.7382352941176471"
"17150","0.7352941176470589","0.7352941176470589","0.7352941176470589"
"17220","0.7323529411764705","0.7323529411764705","0.7323529411764705"
"17290","0.75","0.75","0.75"
"17360","0.7470588235294118","0.7470588235294118","0.7470588235294118"
"17430","0.7392156862745098","0.7392156862745098","0.7392156862745098"
"17500","0.7382352941176471","0.7382352941176471","0.7382352941176471"
"17570","0.7392156862745098","0.7392156862745098","0.7392156862745098"
"17640","0.7333333333333333","0.7333333333333333","0.7333333333333333"
"17710","0.7313725490196078","0.7313725490196078","0.7313725490196078"
"17780","0.7411764705882353","0.7411764705882353","0.7411764705882353"
"17850","0.7323529411764705","0.7323529411764705","0.7323529411764705"
"17920","0.7323529411764705","0.7323529411764705","0.7323529411764705"
"17990","0.7333333333333333","0.7333333333333333","0.7333333333333333"
"18060","0.7294117647058823","0.7294117647058823","0.7294117647058823"
"18130","0.7294117647058823","0.7294117647058823","0.7294117647058823"
"18200","0.7323529411764705","0.7323529411764705","0.7323529411764705"
"18270","0.7294117647058823","0.7294117647058823","0.7294117647058823"
"18340","0.7372549019607844","0.7372549019607844","0.7372549019607844"
"18410","0.7313725490196078","0.7313725490196078","0.7313725490196078"
"18480","0.7362745098039216","0.7362745098039216","0.7362745098039216"
"18550","0.7264705882352941","0.7264705882352941","0.7264705882352941"
"18620","0.7303921568627451","0.7303921568627451","0.7303921568627451"
"18690","0.7372549019607844","0.7372549019607844","0.7372549019607844"
"18760","0.734313725490196","0.734313725490196","0.734313725490196"
"18830","0.7372549019607844","0.7372549019607844","0.7372549019607844"
"18900","0.7323529411764705","0.7323529411764705","0.7323529411764705"
"18970","0.7284313725490196","0.7284313725490196","0.7284313725490196"
"19040","0.7392156862745098","0.7392156862745098","0.7392156862745098"
"19110","0.734313725490196","0.734313725490196","0.734313725490196"
"19180","0.7303921568627451","0.7303921568627451","0.7303921568627451"
"19250","0.7235294117647059","0.7235294117647059","0.7235294117647059"
"19320","0.7235294117647059","0.7235294117647059","0.7235294117647059"
"19390","0.7294117647058823","0.7294117647058823","0.7294117647058823"
"19460","0.7264705882352941","0.7264705882352941","0.7264705882352941"
"19530","0.7284313725490196","0.7284313725490196","0.7284313725490196"
"19600","0.7294117647058823","0.7294117647058823","0.7294117647058823"
"19670","0.7274509803921568","0.7274509803921568","0.7274509803921568"
"19740","0.7225490196078431","0.7225490196078431","0.7225490196078431"
"19810","0.7284313725490196","0.7284313725490196","0.7284313725490196"
"19880","0.7274509803921568","0.7274509803921568","0.7274509803921568"
"19950","0.7333333333333333","0.7333333333333333","0.7333333333333333"
"20020","0.7284313725490196","0.7284313725490196","0.7284313725490196"
"20090","0.7225490196078431","0.7225490196078431","0.7225490196078431"
"20160","0.7284313725490196","0.7284313725490196","0.7284313725490196"
"20230","0.7205882352941176","0.7205882352941176","0.7205882352941176"
"20300","0.7294117647058823","0.7294117647058823","0.7294117647058823"
"20370","0.7205882352941176","0.7205882352941176","0.7205882352941176"
"20440","0.7235294117647059","0.7235294117647059","0.7235294117647059"
"20510","0.7176470588235294","0.7176470588235294","0.7176470588235294"
"20580","0.7284313725490196","0.7284313725490196","0.7284313725490196"
"20650","0.7186274509803922","0.7186274509803922","0.7186274509803922"
"20720","0.7274509803921568","0.7274509803921568","0.7274509803921568"
"20790","0.7205882352941176","0.7205882352941176","0.7205882352941176"
"20860","0.7254901960784313","0.7254901960784313","0.7254901960784313"
"20930","0.7274509803921568","0.7274509803921568","0.7274509803921568"
"21000","0.7176470588235294","0.7176470588235294","0.7176470588235294"
"21070","0.7176470588235294","0.7176470588235294","0.7176470588235294"
"21140","0.7215686274509804","0.7215686274509804","0.7215686274509804"
"21210","0.7166666666666667","0.7166666666666667","0.7166666666666667"
"21280","0.7137254901960784","0.7137254901960784","0.7137254901960784"
"21350","0.7147058823529412","0.7147058823529412","0.7147058823529412"
"21420","0.7196078431372549","0.7196078431372549","0.7196078431372549"
"21490","0.7264705882352941","0.7264705882352941","0.7264705882352941"
"21560","0.7333333333333333","0.7333333333333333","0.7333333333333333"
"21630","0.7225490196078431","0.7225490196078431","0.7225490196078431"
"21700","0.7186274509803922","0.7186274509803922","0.7186274509803922"
"21770","0.7284313725490196","0.7284313725490196","0.7284313725490196"
"21840","0.7274509803921568","0.7274509803921568","0.7274509803921568"
"21910","0.7333333333333333","0.7333333333333333","0.7333333333333333"
"21980","0.7215686274509804","0.7215686274509804","0.7215686274509804"
"22050","0.7156862745098039","0.7156862745098039","0.7156862745098039"
"22120","0.7333333333333333","0.7333333333333333","0.7333333333333333"
"22190","0.7196078431372549","0.7196078431372549","0.7196078431372549"
"22260","0.7362745098039216","0.7362745098039216","0.7362745098039216"
"22330","0.7362745098039216","0.7362745098039216","0.7362745098039216"
"22400","0.711764705882353","0.711764705882353","0.711764705882353"
"22470","0.7147058823529412","0.7147058823529412","0.7147058823529412"
"22540","0.7264705882352941","0.7264705882352941","0.7264705882352941"
"22610","0.7058823529411765","0.7058823529411765","0.7058823529411765"
"22680","0.711764705882353","0.711764705882353","0.711764705882353"
"22750","0.711764705882353","0.711764705882353","0.711764705882353"
"22820","0.7137254901960784","0.7137254901960784","0.7137254901960784"
"22890","0.7166666666666667","0.7166666666666667","0.7166666666666667"
"22960","0.7058823529411765","0.7058823529411765","0.7058823529411765"
"23030","0.703921568627451","0.703921568627451","0.703921568627451"
"23100","0.7205882352941176","0.7205882352941176","0.7205882352941176"
"23170","0.7205882352941176","0.7205882352941176","0.7205882352941176"
"23240","0.7166666666666667","0.7166666666666667","0.7166666666666667"
"23310","0.711764705882353","0.711764705882353","0.711764705882353"
"23380","0.7147058823529412","0.7147058823529412","0.7147058823529412"
"23450","0.7176470588235294","0.7176470588235294","0.7176470588235294"
"23520","0.7127450980392157","0.7127450980392157","0.7127450980392157"
"23590","0.7137254901960784","0.7137254901960784","0.7137254901960784"
"23660","0.7156862745098039","0.7156862745098039","0.7156862745098039"
"23730","0.7176470588235294","0.7176470588235294","0.7176470588235294"
"23800","0.7284313725490196","0.7284313725490196","0.7284313725490196"
"23870","0.711764705882353","0.711764705882353","0.711764705882353"
"23940","0.7205882352941176","0.7205882352941176","0.7205882352941176"
"24010","0.7176470588235294","0.7176470588235294","0.7176470588235294"
"24080","0.7","0.7","0.7"
"24150","0.7127450980392157","0.7127450980392157","0.7127450980392157"
"24220","0.7362745098039216","0.7362745098039216","0.7362745098039216"
"24290","0.7274509803921568","0.7274509803921568","0.7274509803921568"
"24360","0.7264705882352941","0.7264705882352941","0.7264705882352941"
"24430","0.7137254901960784","0.7137254901960784","0.7137254901960784"
"24500","0.7205882352941176","0.7205882352941176","0.7205882352941176"
"24570","0.7264705882352941","0.7264705882352941","0.7264705882352941"
"24640","0.7254901960784313","0.7254901960784313","0.7254901960784313"
"24710","0.7205882352941176","0.7205882352941176","0.7205882352941176"
"24780","0.7205882352941176","0.7205882352941176","0.7205882352941176"
"24850","0.7303921568627451","0.7303921568627451","0.7303921568627451"
"24920","0.7147058823529412","0.7147058823529412","0.7147058823529412"
"24990","0.7313725490196078","0.7313725490196078","0.7313725490196078"
"25060","0.7284313725490196","0.7284313725490196","0.7284313725490196"
"25130","0.7235294117647059","0.7235294117647059","0.7235294117647059"
"25200","0.7225490196078431","0.7225490196078431","0.7225490196078431"
"25270","0.7235294117647059","0.7235294117647059","0.7235294117647059"
"25340","0.7215686274509804","0.7215686274509804","0.7215686274509804"
"25410","0.7235294117647059","0.7235294117647059","0.7235294117647059"
"25480","0.7205882352941176","0.7205882352941176","0.7205882352941176"
"25550","0.7313725490196078","0.7313725490196078","0.7313725490196078"
"25620","0.7333333333333333","0.7333333333333333","0.7333333333333333"
"25690","0.7294117647058823","0.7294117647058823","0.7294117647058823"
"25760","0.7333333333333333","0.7333333333333333","0.7333333333333333"
"25830","0.7274509803921568","0.7274509803921568","0.7274509803921568"
"25900","0.7254901960784313","0.7254901960784313","0.7254901960784313"
"25970","0.7245098039215686","0.7245098039215686","0.7245098039215686"
"26040","0.7196078431372549","0.7196078431372549","0.7196078431372549"
"26110","0.7137254901960784","0.7137254901960784","0.7137254901960784"
"26180","0.7205882352941176","0.7205882352941176","0.7205882352941176"
"26250","0.7147058823529412","0.7147058823529412","0.7147058823529412"
"26320","0.7274509803921568","0.7274509803921568","0.7274509803921568"
"26390","0.7284313725490196","0.7284313725490196","0.7284313725490196"
"26460","0.7274509803921568","0.7274509803921568","0.7274509803921568"
"26530","0.7352941176470589","0.7352941176470589","0.7352941176470589"
"26600","0.7235294117647059","0.7235294117647059","0.7235294117647059"
"26670","0.7205882352941176","0.7205882352941176","0.7205882352941176"
"26740","0.7215686274509804","0.7215686274509804","0.7215686274509804"
"26810","0.7333333333333333","0.7333333333333333","0.7333333333333333"
"26880","0.7166666666666667","0.7166666666666667","0.7166666666666667"
"26950","0.7196078431372549","0.7196078431372549","0.7196078431372549"
"27020","0.7186274509803922","0.7186274509803922","0.7186274509803922"
"27090","0.7196078431372549","0.7196078431372549","0.7196078431372549"
"27160","0.7137254901960784","0.7137254901960784","0.7137254901960784"
"27230","0.703921568627451","0.703921568627451","0.703921568627451"
"27300","0.7049019607843138","0.7049019607843138","0.7049019607843138"
"27370","0.707843137254902","0.707843137254902","0.707843137254902"
"27440","0.7009803921568627","0.7009803921568627","0.7009803921568627"
"27510","0.711764705882353","0.711764705882353","0.711764705882353"
"27580","0.7068627450980393","0.7068627450980393","0.7068627450980393"
"27650","0.707843137254902","0.707843137254902","0.707843137254902"
"27720","0.7215686274509804","0.7215686274509804","0.7215686274509804"
"27790","0.7176470588235294","0.7176470588235294","0.7176470588235294"
"27860","0.707843137254902","0.707843137254902","0.707843137254902"
"27930","0.711764705882353","0.711764705882353","0.711764705882353"
"28000","0.7166666666666667","0.7166666666666667","0.7166666666666667"
"28070","0.711764705882353","0.711764705882353","0.711764705882353"
"28140","0.7166666666666667","0.7166666666666667","0.7166666666666667"
"28210","0.7107843137254902","0.7107843137254902","0.7107843137254902"
"28280","0.7098039215686275","0.7098039215686275","0.7098039215686275"
"28350","0.7147058823529412","0.7147058823529412","0.7147058823529412"
"28420","0.711764705882353","0.711764705882353","0.711764705882353"
"28490","0.7088235294117647","0.7088235294117647","0.7088235294117647"
"28560","0.7107843137254902","0.7107843137254902","0.7107843137254902"
"28630","0.7186274509803922","0.7186274509803922","0.7186274509803922"
"28700","0.7127450980392157","0.7127450980392157","0.7127450980392157"
"28770","0.7068627450980393","0.7068627450980393","0.7068627450980393"
"28840","0.7009803921568627","0.7009803921568627","0.7009803921568627"
"28910","0.7176470588235294","0.7176470588235294","0.7176470588235294"
"28980","0.7166666666666667","0.7166666666666667","0.7166666666666667"
"29050","0.703921568627451","0.703921568627451","0.703921568627451"
"29120","0.703921568627451","0.703921568627451","0.703921568627451"
"29190","0.7098039215686275","0.7098039215686275","0.7098039215686275"
"29260","0.7137254901960784","0.7137254901960784","0.7137254901960784"
"29330","0.7147058823529412","0.7147058823529412","0.7147058823529412"
"29400","0.7186274509803922","0.7186274509803922","0.7186274509803922"
"29470","0.707843137254902","0.707843137254902","0.707843137254902"
"29540","0.7098039215686275","0.7098039215686275","0.7098039215686275"
"29610","0.703921568627451","0.703921568627451","0.703921568627451"
"29680","0.7176470588235294","0.7176470588235294","0.7176470588235294"
"29750","0.7205882352941176","0.7205882352941176","0.7205882352941176"
"29820","0.7058823529411765","0.7058823529411765","0.7058823529411765"
"29890","0.703921568627451","0.703921568627451","0.703921568627451"
"29960","0.7176470588235294","0.7176470588235294","0.7176470588235294"
"30030","0.7107843137254902","0.7107843137254902","0.7107843137254902"
"30100","0.7137254901960784","0.7137254901960784","0.7137254901960784"
"30170","0.7166666666666667","0.7166666666666667","0.7166666666666667"
"30240","0.7068627450980393","0.7068627450980393","0.7068627450980393"
"30310","0.7127450980392157","0.7127450980392157","0.7127450980392157"
"30380","0.7029411764705882","0.7029411764705882","0.7029411764705882"
"30450","0.7137254901960784","0.7137254901960784","0.7137254901960784"
"30520","0.7225490196078431","0.7225490196078431","0.7225490196078431"
"30590","0.7156862745098039","0.7156862745098039","0.7156862745098039"
"30660","0.7176470588235294","0.7176470588235294","0.7176470588235294"
"30730","0.7205882352941176","0.7205882352941176","0.7205882352941176"
"30800","0.7137254901960784","0.7137254901960784","0.7137254901960784"
"30870","0.7068627450980393","0.7068627450980393","0.7068627450980393"
"30940","0.7068627450980393","0.7068627450980393","0.7068627450980393"
"31010","0.7166666666666667","0.7166666666666667","0.7166666666666667"
"31080","0.711764705882353","0.711764705882353","0.711764705882353"
"31150","0.7147058823529412","0.7147058823529412","0.7147058823529412"
"31220","0.7235294117647059","0.7235294117647059","0.7235294117647059"
"31290","0.7176470588235294","0.7176470588235294","0.7176470588235294"
"31360","0.7196078431372549","0.7196078431372549","0.7196078431372549"
"31430","0.7186274509803922","0.7186274509803922","0.7186274509803922"
"31500","0.7205882352941176","0.7205882352941176","0.7205882352941176"
"31570","0.7127450980392157","0.7127450980392157","0.7127450980392157"
"31640","0.7176470588235294","0.7176470588235294","0.7176470588235294"
"31710","0.7147058823529412","0.7147058823529412","0.7147058823529412"
"31780","0.711764705882353","0.711764705882353","0.711764705882353"
"31850","0.7196078431372549","0.7196078431372549","0.7196078431372549"
"31920","0.7156862745098039","0.7156862745098039","0.7156862745098039"
"31990","0.7205882352941176","0.7205882352941176","0.7205882352941176"
"32060","0.7235294117647059","0.7235294117647059","0.7235294117647059"
"32130","0.7176470588235294","0.7176470588235294","0.7176470588235294"
"32200","0.7186274509803922","0.7186274509803922","0.7186274509803922"
"32270","0.7098039215686275","0.7098039215686275","0.7098039215686275"
"32340","0.7147058823529412","0.7147058823529412","0.7147058823529412"
"32410","0.7049019607843138","0.7049019607843138","0.7049019607843138"
"32480","0.7049019607843138","0.7049019607843138","0.7049019607843138"
"32550","0.7","0.7","0.7"
"32620","0.7137254901960784","0.7137254901960784","0.7137254901960784"
"32690","0.711764705882353","0.711764705882353","0.711764705882353"
"32760","0.7137254901960784","0.7137254901960784","0.7137254901960784"
"32830","0.7166666666666667","0.7166666666666667","0.7166666666666667"
"32900","0.7176470588235294","0.7176470588235294","0.7176470588235294"
"32970","0.7245098039215686","0.7245098039215686","0.7245098039215686"
"33040","0.7196078431372549","0.7196078431372549","0.7196078431372549"
"33110","0.7127450980392157","0.7127450980392157","0.7127450980392157"
"33180","0.7147058823529412","0.7147058823529412","0.7147058823529412"
"33250","0.7147058823529412","0.7147058823529412","0.7147058823529412"
"33320","0.7009803921568627","0.7009803921568627","0.7009803921568627"
"33390","0.7166666666666667","0.7166666666666667","0.7166666666666667"
"33460","0.7215686274509804","0.7215686274509804","0.7215686274509804"
"33530","0.7156862745098039","0.7156862745098039","0.7156862745098039"
"33600","0.734313725490196","0.734313725490196","0.734313725490196"
"33670","0.7245098039215686","0.7245098039215686","0.7245098039215686"
"33740","0.7333333333333333","0.7333333333333333","0.7333333333333333"
"33810","0.7284313725490196","0.7284313725490196","0.7284313725490196"
"33880","0.7235294117647059","0.7235294117647059","0.7235294117647059"
"33950","0.7303921568627451","0.7303921568627451","0.7303921568627451"
"34020","0.7274509803921568","0.7274509803921568","0.7274509803921568"
"34090","0.7274509803921568","0.7274509803921568","0.7274509803921568"
"34160","0.7137254901960784","0.7137254901960784","0.7137254901960784"
"34230","0.7186274509803922","0.7186274509803922","0.7186274509803922"
"34300","0.7137254901960784","0.7137254901960784","0.7137254901960784"
"34370","0.7147058823529412","0.7147058823529412","0.7147058823529412"
"34440","0.7225490196078431","0.7225490196078431","0.7225490196078431"
"34510","0.7147058823529412","0.7147058823529412","0.7147058823529412"
"34580","0.7245098039215686","0.7245098039215686","0.7245098039215686"
"34650","0.7215686274509804","0.7215686274509804","0.7215686274509804"
"34720","0.7323529411764705","0.7323529411764705","0.7323529411764705"
"34790","0.7225490196078431","0.7225490196078431","0.7225490196078431"
"34860","0.7362745098039216","0.7362745098039216","0.7362745098039216"
"34930","0.7176470588235294","0.7176470588235294","0.7176470588235294"
"35000","0.7147058823529412","0.7147058823529412","0.7147058823529412"
"35070","0.7147058823529412","0.7147058823529412","0.7147058823529412"
"35140","0.7147058823529412","0.7147058823529412","0.7147058823529412"
"35210","0.7107843137254902","0.7107843137254902","0.7107843137254902"
"35280","0.7245098039215686","0.7245098039215686","0.7245098039215686"
"35350","0.711764705882353","0.711764705882353","0.711764705882353"
"35420","0.7186274509803922","0.7186274509803922","0.7186274509803922"
"35490","0.7254901960784313","0.7254901960784313","0.7254901960784313"
"35560","0.7205882352941176","0.7205882352941176","0.7205882352941176"
"35630","0.7205882352941176","0.7205882352941176","0.7205882352941176"
"35700","0.7137254901960784","0.7137254901960784","0.7137254901960784"
"35770","0.7274509803921568","0.7274509803921568","0.7274509803921568"
"35840","0.7196078431372549","0.7196078431372549","0.7196078431372549"
"35910","0.7186274509803922","0.7186274509803922","0.7186274509803922"
"35980","0.7068627450980393","0.7068627450980393","0.7068627450980393"
"36050","0.7186274509803922","0.7186274509803922","0.7186274509803922"
"36120","0.711764705882353","0.711764705882353","0.711764705882353"
"36190","0.7313725490196078","0.7313725490196078","0.7313725490196078"
"36260","0.7127450980392157","0.7127450980392157","0.7127450980392157"
"36330","0.7147058823529412","0.7147058823529412","0.7147058823529412"
"36400","0.7147058823529412","0.7147058823529412","0.7147058823529412"
"36470","0.7264705882352941","0.7264705882352941","0.7264705882352941"
"36540","0.7176470588235294","0.7176470588235294","0.7176470588235294"
"36610","0.7245098039215686","0.7245098039215686","0.7245098039215686"
"36680","0.7196078431372549","0.7196078431372549","0.7196078431372549"
"36750","0.7127450980392157","0.7127450980392157","0.7127450980392157"
"36820","0.7098039215686275","0.7098039215686275","0.7098039215686275"
"36890","0.7215686274509804","0.7215686274509804","0.7215686274509804"
"36960","0.7088235294117647","0.7088235294117647","0.7088235294117647"
"37030","0.7127450980392157","0.7127450980392157","0.7127450980392157"
"37100","0.7137254901960784","0.7137254901960784","0.7137254901960784"
"37170","0.7156862745098039","0.7156862745098039","0.7156862745098039"
"37240","0.7225490196078431","0.7225490196078431","0.7225490196078431"
"37310","0.7235294117647059","0.7235294117647059","0.7235294117647059"
"37380","0.7303921568627451","0.7303921568627451","0.7303921568627451"
"37450","0.7294117647058823","0.7294117647058823","0.7294117647058823"
"37520","0.7274509803921568","0.7274509803921568","0.7274509803921568"
"37590","0.7235294117647059","0.7235294117647059","0.7235294117647059"
"37660","0.7205882352941176","0.7205882352941176","0.7205882352941176"
"37730","0.7127450980392157","0.7127450980392157","0.7127450980392157"
"37800","0.7235294117647059","0.7235294117647059","0.7235294117647059"
"37870","0.7245098039215686","0.7245098039215686","0.7245098039215686"
"37940","0.7166666666666667","0.7166666666666667","0.7166666666666667"
"38010","0.7254901960784313","0.7254901960784313","0.7254901960784313"
"38080","0.7235294117647059","0.7235294117647059","0.7235294117647059"
"38150","0.7254901960784313","0.7254901960784313","0.7254901960784313"
"38220","0.7205882352941176","0.7205882352941176","0.7205882352941176"
"38290","0.7264705882352941","0.7264705882352941","0.7264705882352941"
"38360","0.7235294117647059","0.7235294117647059","0.7235294117647059"
"38430","0.7147058823529412","0.7147058823529412","0.7147058823529412"
"38500","0.7147058823529412","0.7147058823529412","0.7147058823529412"
"38570","0.7245098039215686","0.7245098039215686","0.7245098039215686"
"38640","0.7245098039215686","0.7245098039215686","0.7245098039215686"
"38710","0.7156862745098039","0.7156862745098039","0.7156862745098039"
"38780","0.7137254901960784","0.7137254901960784","0.7137254901960784"
"38850","0.7176470588235294","0.7176470588235294","0.7176470588235294"
"38920","0.7274509803921568","0.7274509803921568","0.7274509803921568"
"38990","0.7323529411764705","0.7323529411764705","0.7323529411764705"
"39060","0.7225490196078431","0.7225490196078431","0.7225490196078431"
"39130","0.7264705882352941","0.7264705882352941","0.7264705882352941"
"39200","0.7333333333333333","0.7333333333333333","0.7333333333333333"
"39270","0.7186274509803922","0.7186274509803922","0.7186274509803922"
"39340","0.7264705882352941","0.7264705882352941","0.7264705882352941"
"39410","0.7264705882352941","0.7264705882352941","0.7264705882352941"
"39480","0.7225490196078431","0.7225490196078431","0.7225490196078431"
"39550","0.7274509803921568","0.7274509803921568","0.7274509803921568"
"39620","0.7196078431372549","0.7196078431372549","0.7196078431372549"
"39690","0.7264705882352941","0.7264705882352941","0.7264705882352941"
"39760","0.7147058823529412","0.7147058823529412","0.7147058823529412"
"39830","0.7088235294117647","0.7088235294117647","0.7088235294117647"
"39900","0.7176470588235294","0.7176470588235294","0.7176470588235294"
"39970","0.7176470588235294","0.7176470588235294","0.7176470588235294"
"40040","0.7166666666666667","0.7166666666666667","0.7166666666666667"
"40110","0.7088235294117647","0.7088235294117647","0.7088235294117647"
"40180","0.7156862745098039","0.7156862745098039","0.7156862745098039"
"40250","0.7176470588235294","0.7176470588235294","0.7176470588235294"
"40320","0.7147058823529412","0.7147058823529412","0.7147058823529412"
"40390","0.7303921568627451","0.7303921568627451","0.7303921568627451"
"40460","0.7235294117647059","0.7235294117647059","0.7235294117647059"
"40530","0.7147058823529412","0.7147058823529412","0.7147058823529412"
"40600","0.7196078431372549","0.7196078431372549","0.7196078431372549"
"40670","0.7107843137254902","0.7107843137254902","0.7107843137254902"
"40740","0.7245098039215686","0.7245098039215686","0.7245098039215686"
"40810","0.7303921568627451","0.7303921568627451","0.7303921568627451"
"40880","0.7254901960784313","0.7254901960784313","0.7254901960784313"
"40950","0.7215686274509804","0.7215686274509804","0.7215686274509804"
"41020","0.7205882352941176","0.7205882352941176","0.7205882352941176"
"41090","0.7127450980392157","0.7127450980392157","0.7127450980392157"
"41160","0.7147058823529412","0.7147058823529412","0.7147058823529412"
"41230","0.7215686274509804","0.7215686274509804","0.7215686274509804"
"41300","0.7166666666666667","0.7166666666666667","0.7166666666666667"
"41370","0.7264705882352941","0.7264705882352941","0.7264705882352941"
"41440","0.7235294117647059","0.7235294117647059","0.7235294117647059"
"41510","0.7166666666666667","0.7166666666666667","0.7166666666666667"
"41580","0.7156862745098039","0.7156862745098039","0.7156862745098039"
"41650","0.7294117647058823","0.7294117647058823","0.7294117647058823"
"41720","0.7176470588235294","0.7176470588235294","0.7176470588235294"
"41790","0.711764705882353","0.711764705882353","0.711764705882353"
"41860","0.7137254901960784","0.7137254901960784","0.7137254901960784"
"41930","0.7186274509803922","0.7186274509803922","0.7186274509803922"
"42000","0.7323529411764705","0.7323529411764705","0.7323529411764705"
"42070","0.7225490196078431","0.7225490196078431","0.7225490196078431"
"42140","0.7107843137254902","0.7107843137254902","0.7107843137254902"
"42210","0.7176470588235294","0.7176470588235294","0.7176470588235294"
"42280","0.7176470588235294","0.7176470588235294","0.7176470588235294"
"42350","0.7235294117647059","0.7235294117647059","0.7235294117647059"
"42420","0.7156862745098039","0.7156862745098039","0.7156862745098039"
"42490","0.7107843137254902","0.7107843137254902","0.7107843137254902"
"42560","0.707843137254902","0.707843137254902","0.707843137254902"
"42630","0.7127450980392157","0.7127450980392157","0.7127450980392157"
"42700","0.7127450980392157","0.7127450980392157","0.7127450980392157"
"42770","0.7245098039215686","0.7245098039215686","0.7245098039215686"
"42840","0.7186274509803922","0.7186274509803922","0.7186274509803922"
"42910","0.7147058823529412","0.7147058823529412","0.7147058823529412"
"42980","0.7225490196078431","0.7225490196078431","0.7225490196078431"
"43050","0.7205882352941176","0.7205882352941176","0.7205882352941176"
"43120","0.7245098039215686","0.7245098039215686","0.7245098039215686"
"43190","0.7235294117647059","0.7235294117647059","0.7235294117647059"
"43260","0.7284313725490196","0.7284313725490196","0.7284313725490196"
"43330","0.7245098039215686","0.7245098039215686","0.7245098039215686"
"43400","0.7137254901960784","0.7137254901960784","0.7137254901960784"
"43470","0.7147058823529412","0.7147058823529412","0.7147058823529412"
"43540","0.7294117647058823","0.7294117647058823","0.7294117647058823"
"43610","0.7225490196078431","0.7225490196078431","0.7225490196078431"
"43680","0.7323529411764705","0.7323529411764705","0.7323529411764705"
"43750","0.7333333333333333","0.7333333333333333","0.7333333333333333"
"43820","0.7352941176470589","0.7352941176470589","0.7352941176470589"
"43890","0.7254901960784313","0.7254901960784313","0.7254901960784313"
"43960","0.7205882352941176","0.7205882352941176","0.7205882352941176"
"44030","0.7264705882352941","0.7264705882352941","0.7264705882352941"
"44100","0.7274509803921568","0.7274509803921568","0.7274509803921568"
"44170","0.7235294117647059","0.7235294117647059","0.7235294117647059"
"44240","0.7235294117647059","0.7235294117647059","0.7235294117647059"
"44310","0.7333333333333333","0.7333333333333333","0.7333333333333333"
"44380","0.7274509803921568","0.7274509803921568","0.7274509803921568"
"44450","0.7382352941176471","0.7382352941176471","0.7382352941176471"
"44520","0.7225490196078431","0.7225490196078431","0.7225490196078431"
"44590","0.7166666666666667","0.7166666666666667","0.7166666666666667"
"44660","0.7362745098039216","0.7362745098039216","0.7362745098039216"
"44730","0.7303921568627451","0.7303921568627451","0.7303921568627451"
"44800","0.7156862745098039","0.7156862745098039","0.7156862745098039"
"44870","0.7196078431372549","0.7196078431372549","0.7196078431372549"
"44940","0.7264705882352941","0.7264705882352941","0.7264705882352941"
"45010","0.7274509803921568","0.7274509803921568","0.7274509803921568"
"45080","0.7186274509803922","0.7186274509803922","0.7186274509803922"
"45150","0.7313725490196078","0.7313725490196078","0.7313725490196078"
"45220","0.7382352941176471","0.7382352941176471","0.7382352941176471"
"45290","0.7264705882352941","0.7264705882352941","0.7264705882352941"
"45360","0.7215686274509804","0.7215686274509804","0.7215686274509804"
"45430","0.7294117647058823","0.7294117647058823","0.7294117647058823"
"45500","0.7225490196078431","0.7225490196078431","0.7225490196078431"
"45570","0.7215686274509804","0.7215686274509804","0.7215686274509804"
"45640","0.7186274509803922","0.7186274509803922","0.7186274509803922"
"45710","0.7245098039215686","0.7245098039215686","0.7245098039215686"
"45780","0.7245098039215686","0.7245098039215686","0.7245098039215686"
"45850","0.7284313725490196","0.7284313725490196","0.7284313725490196"
"45920","0.7176470588235294","0.7176470588235294","0.7176470588235294"
"45990","0.7127450980392157","0.7127450980392157","0.7127450980392157"
"46060","0.7225490196078431","0.7225490196078431","0.7225490196078431"
"46130","0.7284313725490196","0.7284313725490196","0.7284313725490196"
"46200","0.7137254901960784","0.7137254901960784","0.7137254901960784"
"46270","0.7205882352941176","0.7205882352941176","0.7205882352941176"
"46340","0.7156862745098039","0.7156862745098039","0.7156862745098039"
"46410","0.7068627450980393","0.7068627450980393","0.7068627450980393"
"46480","0.703921568627451","0.703921568627451","0.703921568627451"
"46550","0.7049019607843138","0.7049019607843138","0.7049019607843138"
"46620","0.7049019607843138","0.7049019607843138","0.7049019607843138"
"46690","0.7166666666666667","0.7166666666666667","0.7166666666666667"
"46760","0.7147058823529412","0.7147058823529412","0.7147058823529412"
"46830","0.707843137254902","0.707843137254902","0.707843137254902"
"46900","0.7","0.7","0.7"
"46970","0.7049019607843138","0.7049019607843138","0.7049019607843138"
"47040","0.7137254901960784","0.7137254901960784","0.7137254901960784"
"47110","0.711764705882353","0.711764705882353","0.711764705882353"
"47180","0.7196078431372549","0.7196078431372549","0.7196078431372549"
"47250","0.7235294117647059","0.7235294117647059","0.7235294117647059"
"47320","0.7186274509803922","0.7186274509803922","0.7186274509803922"
"47390","0.7225490196078431","0.7225490196078431","0.7225490196078431"
"47460","0.7176470588235294","0.7176470588235294","0.7176470588235294"
"47530","0.7156862745098039","0.7156862745098039","0.7156862745098039"
"47600","0.7303921568627451","0.7303921568627451","0.7303921568627451"
"47670","0.7186274509803922","0.7186274509803922","0.7186274509803922"
"47740","0.7225490196078431","0.7225490196078431","0.7225490196078431"
"47810","0.7186274509803922","0.7186274509803922","0.7186274509803922"
"47880","0.7323529411764705","0.7323529411764705","0.7323529411764705"
"47950","0.7274509803921568","0.7274509803921568","0.7274509803921568"
"48020","0.7274509803921568","0.7274509803921568","0.7274509803921568"
"48090","0.7333333333333333","0.7333333333333333","0.7333333333333333"
"48160","0.7294117647058823","0.7294117647058823","0.7294117647058823"
"48230","0.7205882352941176","0.7205882352941176","0.7205882352941176"
"48300","0.7303921568627451","0.7303921568627451","0.7303921568627451"
"48370","0.7294117647058823","0.7294117647058823","0.7294117647058823"
"48440","0.7382352941176471","0.7382352941176471","0.7382352941176471"
"48510","0.7421568627450981","0.7421568627450981","0.7421568627450981"
"48580","0.7274509803921568","0.7274509803921568","0.7274509803921568"
"48650","0.7441176470588236","0.7441176470588236","0.7441176470588236"
"48720","0.7490196078431373","0.7490196078431373","0.7490196078431373"
"48790","0.7362745098039216","0.7362745098039216","0.7362745098039216"
"48860","0.7225490196078431","0.7225490196078431","0.7225490196078431"
"48930","0.7274509803921568","0.7274509803921568","0.7274509803921568"
"49000","0.7274509803921568","0.7274509803921568","0.7274509803921568"
"49070","0.7245098039215686","0.7245098039215686","0.7245098039215686"
"49140","0.7274509803921568","0.7274509803921568","0.7274509803921568"
"49210","0.7284313725490196","0.7284313725490196","0.7284313725490196"
"49280","0.7274509803921568","0.7274509803921568","0.7274509803921568"
"49350","0.7254901960784313","0.7254901960784313","0.7254901960784313"
"49420","0.7254901960784313","0.7254901960784313","0.7254901960784313"
"49490","0.7264705882352941","0.7264705882352941","0.7264705882352941"
"49560","0.7137254901960784","0.7137254901960784","0.7137254901960784"
"49630","0.7156862745098039","0.7156862745098039","0.7156862745098039"
"49700","0.7107843137254902","0.7107843137254902","0.7107843137254902"
"49770","0.7156862745098039","0.7156862745098039","0.7156862745098039"
"49840","0.7245098039215686","0.7245098039215686","0.7245098039215686"
"49910","0.7215686274509804","0.7215686274509804","0.7215686274509804"
"49980","0.7205882352941176","0.7205882352941176","0.7205882352941176"
"50050","0.7215686274509804","0.7215686274509804","0.7215686274509804"
"50120","0.7274509803921568","0.7274509803921568","0.7274509803921568"
"50190","0.7284313725490196","0.7284313725490196","0.7284313725490196"
"50260","0.7176470588235294","0.7176470588235294","0.7176470588235294"
"50330","0.7166666666666667","0.7166666666666667","0.7166666666666667"
"50400","0.7264705882352941","0.7264705882352941","0.7264705882352941"
"50470","0.7362745098039216","0.7362745098039216","0.7362745098039216"
"50540","0.7303921568627451","0.7303921568627451","0.7303921568627451"
"50610","0.734313725490196","0.734313725490196","0.734313725490196"
"50680","0.7352941176470589","0.7352941176470589","0.7352941176470589"
"50750","0.7333333333333333","0.7333333333333333","0.7333333333333333"
"50820","0.7264705882352941","0.7264705882352941","0.7264705882352941"
"50890","0.7284313725490196","0.7284313725490196","0.7284313725490196"
"50960","0.7245098039215686","0.7245098039215686","0.7245098039215686"
"51030","0.7274509803921568","0.7274509803921568","0.7274509803921568"
"51100","0.7294117647058823","0.7294117647058823","0.7294117647058823"
"51170","0.7323529411764705","0.7323529411764705","0.7323529411764705"
"51240","0.7382352941176471","0.7382352941176471","0.7382352941176471"
"51310","0.7352941176470589","0.7352941176470589","0.7352941176470589"
"51380","0.7323529411764705","0.7323529411764705","0.7323529411764705"
"51450","0.7274509803921568","0.7274509803921568","0.7274509803921568"
"51520","0.7215686274509804","0.7215686274509804","0.7215686274509804"
"51590","0.7284313725490196","0.7284313725490196","0.7284313725490196"
"51660","0.734313725490196","0.734313725490196","0.734313725490196"
"51730","0.7401960784313726","0.7401960784313726","0.7401960784313726"
"51800","0.7284313725490196","0.7284313725490196","0.7284313725490196"
"51870","0.7245098039215686","0.7245098039215686","0.7245098039215686"
"51940","0.7333333333333333","0.7333333333333333","0.7333333333333333"
"52010","0.7254901960784313","0.7254901960784313","0.7254901960784313"
"52080","0.7323529411764705","0.7323529411764705","0.7323529411764705"
"52150","0.7176470588235294","0.7176470588235294","0.7176470588235294"
"52220","0.7323529411764705","0.7323529411764705","0.7323529411764705"
"52290","0.734313725490196","0.734313725490196","0.734313725490196"
"52360","0.7323529411764705","0.7323529411764705","0.7323529411764705"
"52430","0.7411764705882353","0.7411764705882353","0.7411764705882353"
"52500","0.7303921568627451","0.7303921568627451","0.7303921568627451"
"52570","0.734313725490196","0.734313725490196","0.734313725490196"
"52640","0.7323529411764705","0.7323529411764705","0.7323529411764705"
"52710","0.7362745098039216","0.7362745098039216","0.7362745098039216"
"52780","0.7196078431372549","0.7196078431372549","0.7196078431372549"
"52850","0.7186274509803922","0.7186274509803922","0.7186274509803922"
"52920","0.7294117647058823","0.7294117647058823","0.7294117647058823"
"52990","0.7137254901960784","0.7137254901960784","0.7137254901960784"
"53060","0.7245098039215686","0.7245098039215686","0.7245098039215686"
"53130","0.7245098039215686","0.7245098039215686","0.7245098039215686"
"53200","0.7225490196078431","0.7225490196078431","0.7225490196078431"
"53270","0.7176470588235294","0.7176470588235294","0.7176470588235294"
"53340","0.7274509803921568","0.7274509803921568","0.7274509803921568"
"53410","0.7294117647058823","0.7294117647058823","0.7294117647058823"
"53480","0.7245098039215686","0.7245098039215686","0.7245098039215686"
"53550","0.7411764705882353","0.7411764705882353","0.7411764705882353"
"53620","0.7411764705882353","0.7411764705882353","0.7411764705882353"
"53690","0.7411764705882353","0.7411764705882353","0.7411764705882353"
"53760","0.7313725490196078","0.7313725490196078","0.7313725490196078"
"53830","0.7382352941176471","0.7382352941176471","0.7382352941176471"
"53900","0.7333333333333333","0.7333333333333333","0.7333333333333333"
"53970","0.7352941176470589","0.7352941176470589","0.7352941176470589"
"54040","0.746078431372549","0.746078431372549","0.746078431372549"
"54110","0.7421568627450981","0.7421568627450981","0.7421568627450981"
"54180","0.7431372549019608","0.7431372549019608","0.7431372549019608"
"54250","0.7411764705882353","0.7411764705882353","0.7411764705882353"
"54320","0.7264705882352941","0.7264705882352941","0.7264705882352941"
"54390","0.7450980392156863","0.7450980392156863","0.7450980392156863"
"54460","0.7254901960784313","0.7254901960784313","0.7254901960784313"
"54530","0.7274509803921568","0.7274509803921568","0.7274509803921568"
"54600","0.7196078431372549","0.7196078431372549","0.7196078431372549"
"54670","0.7176470588235294","0.7176470588235294","0.7176470588235294"
"54740","0.7235294117647059","0.7235294117647059","0.7235294117647059"
"54810","0.7245098039215686","0.7245098039215686","0.7245098039215686"
"54880","0.7264705882352941","0.7264705882352941","0.7264705882352941"
"54950","0.7303921568627451","0.7303921568627451","0.7303921568627451"
"55020","0.7264705882352941","0.7264705882352941","0.7264705882352941"
"55090","0.7470588235294118","0.7470588235294118","0.7470588235294118"
"55160","0.7333333333333333","0.7333333333333333","0.7333333333333333"
"55230","0.7245098039215686","0.7245098039215686","0.7245098039215686"
"55300","0.7186274509803922","0.7186274509803922","0.7186274509803922"
"55370","0.7205882352941176","0.7205882352941176","0.7205882352941176"
"55440","0.7264705882352941","0.7264705882352941","0.7264705882352941"
"55510","0.7352941176470589","0.7352941176470589","0.7352941176470589"
"55580","0.7303921568627451","0.7303921568627451","0.7303921568627451"
"55650","0.734313725490196","0.734313725490196","0.734313725490196"
"55720","0.7323529411764705","0.7323529411764705","0.7323529411764705"
"55790","0.7225490196078431","0.7225490196078431","0.7225490196078431"
"55860","0.7254901960784313","0.7254901960784313","0.7254901960784313"
"55930","0.7274509803921568","0.7274509803921568","0.7274509803921568"
"56000","0.7294117647058823","0.7294117647058823","0.7294117647058823"
"56070","0.7254901960784313","0.7254901960784313","0.7254901960784313"
"56140","0.734313725490196","0.734313725490196","0.734313725490196"
"56210","0.7235294117647059","0.7235294117647059","0.7235294117647059"
"56280","0.7196078431372549","0.7196078431372549","0.7196078431372549"
"56350","0.7303921568627451","0.7303921568627451","0.7303921568627451"
"56420","0.7264705882352941","0.7264705882352941","0.7264705882352941"
"56490","0.7156862745098039","0.7156862745098039","0.7156862745098039"
"56560","0.7205882352941176","0.7205882352941176","0.7205882352941176"
"56630","0.7274509803921568","0.7274509803921568","0.7274509803921568"
"56700","0.7323529411764705","0.7323529411764705","0.7323529411764705"
"56770","0.7284313725490196","0.7284313725490196","0.7284313725490196"
"56840","0.7225490196078431","0.7225490196078431","0.7225490196078431"
"56910","0.7284313725490196","0.7284313725490196","0.7284313725490196"
"56980","0.7264705882352941","0.7264705882352941","0.7264705882352941"
"57050","0.7254901960784313","0.7254901960784313","0.7254901960784313"
"57120","0.7303921568627451","0.7303921568627451","0.7303921568627451"
"57190","0.7254901960784313","0.7254901960784313","0.7254901960784313"
"57260","0.734313725490196","0.734313725490196","0.734313725490196"
"57330","0.7401960784313726","0.7401960784313726","0.7401960784313726"
"57400","0.7313725490196078","0.7313725490196078","0.7313725490196078"
"57470","0.7294117647058823","0.7294117647058823","0.7294117647058823"
"57540","0.7264705882352941","0.7264705882352941","0.7264705882352941"
"57610","0.7294117647058823","0.7294117647058823","0.7294117647058823"
"57680","0.734313725490196","0.734313725490196","0.734313725490196"
"57750","0.7303921568627451","0.7303921568627451","0.7303921568627451"
"57820","0.7352941176470589","0.7352941176470589","0.7352941176470589"
"57890","0.7333333333333333","0.7333333333333333","0.7333333333333333"
"57960","0.7313725490196078","0.7313725490196078","0.7313725490196078"
"58030","0.7215686274509804","0.7215686274509804","0.7215686274509804"
"58100","0.7215686274509804","0.7215686274509804","0.7215686274509804"
"58170","0.7323529411764705","0.7323529411764705","0.7323529411764705"
"58240","0.7352941176470589","0.7352941176470589","0.7352941176470589"
"58310","0.7294117647058823","0.7294117647058823","0.7294117647058823"
"58380","0.7274509803921568","0.7274509803921568","0.7274509803921568"
"58450","0.7215686274509804","0.7215686274509804","0.7215686274509804"
"58520","0.7294117647058823","0.7294117647058823","0.7294117647058823"
"58590","0.7284313725490196","0.7284313725490196","0.7284313725490196"
"58660","0.7392156862745098","0.7392156862745098","0.7392156862745098"
"58730","0.7284313725490196","0.7284313725490196","0.7284313725490196"
"58800","0.7333333333333333","0.7333333333333333","0.7333333333333333"
"58870","0.7421568627450981","0.7421568627450981","0.7421568627450981"
"58940","0.7372549019607844","0.7372549019607844","0.7372549019607844"
"59010","0.7254901960784313","0.7254901960784313","0.7254901960784313"
"59080","0.7323529411764705","0.7323529411764705","0.7323529411764705"
"59150","0.7333333333333333","0.7333333333333333","0.7333333333333333"
"59220","0.7372549019607844","0.7372549019607844","0.7372549019607844"
"59290","0.7382352941176471","0.7382352941176471","0.7382352941176471"
"59360","0.7490196078431373","0.7490196078431373","0.7490196078431373"
"59430","0.7303921568627451","0.7303921568627451","0.7303921568627451"
"59500","0.7362745098039216","0.7362745098039216","0.7362745098039216"
"59570","0.7294117647058823","0.7294117647058823","0.7294117647058823"
"59640","0.7382352941176471","0.7382352941176471","0.7382352941176471"
"59710","0.7372549019607844","0.7372549019607844","0.7372549019607844"
"59780","0.7431372549019608","0.7431372549019608","0.7431372549019608"
"59850","0.7313725490196078","0.7313725490196078","0.7313725490196078"
"59920","0.7294117647058823","0.7294117647058823","0.7294117647058823"
"59990","0.7284313725490196","0.7284313725490196","0.7284313725490196"
"60060","0.7303921568627451","0.7303921568627451","0.7303921568627451"
"60130","0.7382352941176471","0.7382352941176471","0.7382352941176471"
"60200","0.734313725490196","0.734313725490196","0.734313725490196"
"60270","0.7225490196078431","0.7225490196078431","0.7225490196078431"
"60340","0.7303921568627451","0.7303921568627451","0.7303921568627451"
"60410","0.7215686274509804","0.7215686274509804","0.7215686274509804"
"60480","0.7284313725490196","0.7284313725490196","0.7284313725490196"
"60550","0.7323529411764705","0.7323529411764705","0.7323529411764705"
"60620","0.7274509803921568","0.7274509803921568","0.7274509803921568"
"60690","0.7352941176470589","0.7352941176470589","0.7352941176470589"
"60760","0.7362745098039216","0.7362745098039216","0.7362745098039216"
"60830","0.746078431372549","0.746078431372549","0.746078431372549"
"60900","0.7362745098039216","0.7362745098039216","0.7362745098039216"
"60970","0.7392156862745098","0.7392156862745098","0.7392156862745098"
"61040","0.7294117647058823","0.7294117647058823","0.7294117647058823"
"61110","0.7215686274509804","0.7215686274509804","0.7215686274509804"
"61180","0.7225490196078431","0.7225490196078431","0.7225490196078431"
"61250","0.7294117647058823","0.7294117647058823","0.7294117647058823"
"61320","0.7274509803921568","0.7274509803921568","0.7274509803921568"
"61390","0.7294117647058823","0.7294117647058823","0.7294117647058823"
"61460","0.7303921568627451","0.7303921568627451","0.7303921568627451"
"61530","0.7205882352941176","0.7205882352941176","0.7205882352941176"
"61600","0.7235294117647059","0.7235294117647059","0.7235294117647059"
"61670","0.7372549019607844","0.7372549019607844","0.7372549019607844"
"61740","0.7284313725490196","0.7284313725490196","0.7284313725490196"
"61810","0.7166666666666667","0.7166666666666667","0.7166666666666667"
"61880","0.7137254901960784","0.7137254901960784","0.7137254901960784"
"61950","0.7205882352941176","0.7205882352941176","0.7205882352941176"
"62020","0.7215686274509804","0.7215686274509804","0.7215686274509804"
"62090","0.7235294117647059","0.7235294117647059","0.7235294117647059"
"62160","0.7137254901960784","0.7137254901960784","0.7137254901960784"
"62230","0.7323529411764705","0.7323529411764705","0.7323529411764705"
"62300","0.7225490196078431","0.7225490196078431","0.7225490196078431"
"62370","0.7215686274509804","0.7215686274509804","0.7215686274509804"
"62440","0.7205882352941176","0.7205882352941176","0.7205882352941176"
"62510","0.7235294117647059","0.7235294117647059","0.7235294117647059"
"62580","0.7274509803921568","0.7274509803921568","0.7274509803921568"
"62650","0.7323529411764705","0.7323529411764705","0.7323529411764705"
"62720","0.7303921568627451","0.7303921568627451","0.7303921568627451"
"62790","0.7323529411764705","0.7323529411764705","0.7323529411764705"
"62860","0.7303921568627451","0.7303921568627451","0.7303921568627451"
"62930","0.7323529411764705","0.7323529411764705","0.7323529411764705"
"63000","0.7382352941176471","0.7382352941176471","0.7382352941176471"
"63070","0.7519607843137255","0.7519607843137255","0.7519607843137255"
"63140","0.7294117647058823","0.7294117647058823","0.7294117647058823"
"63210","0.7333333333333333","0.7333333333333333","0.7333333333333333"
"63280","0.7294117647058823","0.7294117647058823","0.7294117647058823"
"63350","0.7392156862745098","0.7392156862745098","0.7392156862745098"
"63420","0.7166666666666667","0.7166666666666667","0.7166666666666667"
"63490","0.7284313725490196","0.7284313725490196","0.7284313725490196"
"63560","0.7264705882352941","0.7264705882352941","0.7264705882352941"
"63630","0.7225490196078431","0.7225490196078431","0.7225490196078431"
"63700","0.7313725490196078","0.7313725490196078","0.7313725490196078"
"63770","0.7274509803921568","0.7274509803921568","0.7274509803921568"
"63840","0.7284313725490196","0.7284313725490196","0.7284313725490196"
"63910","0.7284313725490196","0.7284313725490196","0.7284313725490196"
"63980","0.7392156862745098","0.7392156862745098","0.7392156862745098"
"64050","0.7294117647058823","0.7294117647058823","0.7294117647058823"
"64120","0.7254901960784313","0.7254901960784313","0.7254901960784313"
"64190","0.7323529411764705","0.7323529411764705","0.7323529411764705"
"64260","0.7235294117647059","0.7235294117647059","0.7235294117647059"
"64330","0.734313725490196","0.734313725490196","0.734313725490196"
"64400","0.7294117647058823","0.7294117647058823","0.7294117647058823"
"64470","0.7274509803921568","0.7274509803921568","0.7274509803921568"
"64540","0.7323529411764705","0.7323529411764705","0.7323529411764705"
"64610","0.7323529411764705","0.7323529411764705","0.7323529411764705"
"64680","0.7284313725490196","0.7284313725490196","0.7284313725490196"
"64750","0.7274509803921568","0.7274509803921568","0.7274509803921568"
"64820","0.7362745098039216","0.7362745098039216","0.7362745098039216"
"64890","0.734313725490196","0.734313725490196","0.734313725490196"
"64960","0.7196078431372549","0.7196078431372549","0.7196078431372549"
"65030","0.7186274509803922","0.7186274509803922","0.7186274509803922"
"65100","0.7313725490196078","0.7313725490196078","0.7313725490196078"
"65170","0.7264705882352941","0.7264705882352941","0.7264705882352941"
"65240","0.7352941176470589","0.7352941176470589","0.7352941176470589"
"65310","0.7264705882352941","0.7264705882352941","0.7264705882352941"
"65380","0.7215686274509804","0.7215686274509804","0.7215686274509804"
"65450","0.7284313725490196","0.7284313725490196","0.7284313725490196"
"65520","0.7294117647058823","0.7294117647058823","0.7294117647058823"
"65590","0.7284313725490196","0.7284313725490196","0.7284313725490196"
"65660","0.7254901960784313","0.7254901960784313","0.7254901960784313"
"65730","0.7401960784313726","0.7401960784313726","0.7401960784313726"
"65800","0.7284313725490196","0.7284313725490196","0.7284313725490196"
"65870","0.7294117647058823","0.7294117647058823","0.7294117647058823"
"65940","0.7196078431372549","0.7196078431372549","0.7196078431372549"
"66010","0.7333333333333333","0.7333333333333333","0.7333333333333333"
"66080","0.7254901960784313","0.7254901960784313","0.7254901960784313"
"66150","0.7303921568627451","0.7303921568627451","0.7303921568627451"
"66220","0.7284313725490196","0.7284313725490196","0.7284313725490196"
"66290","0.7245098039215686","0.7245098039215686","0.7245098039215686"
"66360","0.7235294117647059","0.7235294117647059","0.7235294117647059"
"66430","0.7225490196078431","0.7225490196078431","0.7225490196078431"
"66500","0.7098039215686275","0.7098039215686275","0.7098039215686275"
"66570","0.711764705882353","0.711764705882353","0.711764705882353"
"66640","0.7196078431372549","0.7196078431372549","0.7196078431372549"
"66710","0.7323529411764705","0.7323529411764705","0.7323529411764705"
"66780","0.734313725490196","0.734313725490196","0.734313725490196"
"66850","0.7284313725490196","0.7284313725490196","0.7284313725490196"
"66920","0.7303921568627451","0.7303921568627451","0.7303921568627451"
"66990","0.7303921568627451","0.7303921568627451","0.7303921568627451"
"67060","0.7333333333333333","0.7333333333333333","0.7333333333333333"
"67130","0.7303921568627451","0.7303921568627451","0.7303921568627451"
"67200","0.7264705882352941","0.7264705882352941","0.7264705882352941"
"67270","0.7294117647058823","0.7294117647058823","0.7294117647058823"
"67340","0.7254901960784313","0.7254901960784313","0.7254901960784313"
"67410","0.7372549019607844","0.7372549019607844","0.7372549019607844"
"67480","0.7264705882352941","0.7264705882352941","0.7264705882352941"
"67550","0.7303921568627451","0.7303921568627451","0.7303921568627451"
"67620","0.7137254901960784","0.7137254901960784","0.7137254901960784"
"67690","0.734313725490196","0.734313725490196","0.734313725490196"
"67760","0.7372549019607844","0.7372549019607844","0.7372549019607844"
"67830","0.7352941176470589","0.7352941176470589","0.7352941176470589"
"67900","0.7490196078431373","0.7490196078431373","0.7490196078431373"
"67970","0.7382352941176471","0.7382352941176471","0.7382352941176471"
"68040","0.7392156862745098","0.7392156862745098","0.7392156862745098"
"68110","0.7284313725490196","0.7284313725490196","0.7284313725490196"
"68180","0.7352941176470589","0.7352941176470589","0.7352941176470589"
"68250","0.7323529411764705","0.7323529411764705","0.7323529411764705"
"68320","0.7372549019607844","0.7372549019607844","0.7372549019607844"
"68390","0.7431372549019608","0.7431372549019608","0.7431372549019608"
"68460","0.734313725490196","0.734313725490196","0.734313725490196"
"68530","0.7362745098039216","0.7362745098039216","0.7362745098039216"
"68600","0.7323529411764705","0.7323529411764705","0.7323529411764705"
"68670","0.7294117647058823","0.7294117647058823","0.7294117647058823"
"68740","0.7215686274509804","0.7215686274509804","0.7215686274509804"
"68810","0.7294117647058823","0.7294117647058823","0.7294117647058823"
"68880","0.7303921568627451","0.7303921568627451","0.7303921568627451"
"68950","0.7205882352941176","0.7205882352941176","0.7205882352941176"
"69020","0.7372549019607844","0.7372549019607844","0.7372549019607844"
"69090","0.7205882352941176","0.7205882352941176","0.7205882352941176"
"69160","0.7088235294117647","0.7088235294117647","0.7088235294117647"
"69230","0.7274509803921568","0.7274509803921568","0.7274509803921568"
"69300","0.7137254901960784","0.7137254901960784","0.7137254901960784"
"69370","0.7215686274509804","0.7215686274509804","0.7215686274509804"
"69440","0.711764705882353","0.711764705882353","0.711764705882353"
"69510","0.7088235294117647","0.7088235294117647","0.7088235294117647"
"69580","0.7196078431372549","0.7196078431372549","0.7196078431372549"
"69650","0.7127450980392157","0.7127450980392157","0.7127450980392157"
"69720","0.7225490196078431","0.7225490196078431","0.7225490196078431"
"69790","0.7235294117647059","0.7235294117647059","0.7235294117647059"
"69860","0.7166666666666667","0.7166666666666667","0.7166666666666667"
"69930","0.7264705882352941","0.7264705882352941","0.7264705882352941"
"70000","0.7264705882352941","0.7264705882352941","0.7264705882352941"